<?xml version="1.0"?>
<dpInst>
    <enableNotListedLanguages/>
    <language code="0x0409">
        <dpinstTitle>Orbbec Sensor Device Driver Installer</dpinstTitle>
    
        <welcomeTitle>Welcome to the Orbbec Sensor Device Driver Installer!</welcomeTitle>
        <welcomeIntro>This wizard will walk you through updating the drivers for your Orbbec Sensor device.</welcomeIntro>
    
        <installHeaderTitle>Installing the software for your Orbbec Sensor device...</installHeaderTitle>

        <finishTitle>Congratulations! You have finished installing your Orbbec Sensor device drivers!</finishTitle>
    </language>
    <icon>obdrv4.ico</icon>
</dpInst>
